time,seconds_elapsed,steps
1751013736274401800,1.15940185546875,8
1751013738819917300,3.704917236328125,8
