time,seconds_elapsed,steps
1751013797366825200,0.5028251953125,4
1751013799912359200,3.048359130859375,4
1751013802457899000,5.59389892578125,4
