time,seconds_elapsed,steps
1751013512269912600,2.32591259765625,1
1751013514815412500,4.87141259765625,1
