time,seconds_elapsed,steps
1751013985737808100,1.33680810546875,1
1751013988283404300,3.882404296875,1
