time,seconds_elapsed,steps
1751013774457074700,0.71907470703125,8
1751013777002588200,3.264588134765625,8
