time,seconds_elapsed,steps
1751013433359797800,1.1407978515625,8
1751013435905262600,3.6862626953125,8
