time,seconds_elapsed,steps
1751013820276609500,0.184609619140625,3
1751013822822134300,2.73013427734375,3
