time,seconds_elapsed,steps
1751013685364055600,2.5130556640625,1
1751013687909576400,5.058576416015625,1
