time,seconds_elapsed,steps
1751013415541587200,2.021587158203125,8
1751013418087039000,4.5670390625,8
