time,seconds_elapsed,steps
1751013486814887400,0.195887451171875,9
1751013489360381000,2.741380859375,9
